{
  "linear_regression": {
    "train_rmse": 6470.77700807005,
    "test_rmse": 5630.797488768626,
    "train_mae": 4520.8867793323125,
    "test_mae": 4308.330800460517,
    "train_r2": 0.9536298961161583,
    "test_r2": 0.9558500582942552
  },
  "ridge": {
    "train_rmse": 6470.9922274223545,
    "test_rmse": 5625.485024821115,
    "train_mae": 4512.746038439575,
    "test_mae": 4298.1970659143835,
    "train_r2": 0.9536268115067904,
    "test_r2": 0.9559333269010565
  },
  "lasso": {
    "train_rmse": 6470.777817025488,
    "test_rmse": 5630.7866471701345,
    "train_mae": 4520.789900347116,
    "test_mae": 4308.0394977651085,
    "train_r2": 0.9536298845220793,
    "test_r2": 0.9558502283076438
  },
  "random_forest": {
    "train_rmse": 2438.586142047375,
    "test_rmse": 3726.808947167939,
    "train_mae": 1382.03435,
    "test_mae": 2787.9253000000003,
    "train_r2": 0.9934143081717653,
    "test_r2": 0.9806596389693845
  },
  "gradient_boosting": {
    "train_rmse": 1579.1583859683922,
    "test_rmse": 3025.113863576403,
    "train_mae": 1175.8668435843904,
    "test_mae": 1997.179221556485,
    "train_r2": 0.9972382994696517,
    "test_r2": 0.9872569387732754
  },
  "svr": {
    "train_rmse": 28020.81817955372,
    "test_rmse": 24142.51119457967,
    "train_mae": 18908.332000531824,
    "test_mae": 17899.8855394713,
    "train_r2": 0.13046548450512963,
    "test_r2": 0.18837540178294543
  }
}