{
  "linear_regression": {
    "train_rmse": 1.0289757937229989e-11,
    "test_rmse": 50851.91944788693,
    "train_mae": 7.275957614183426e-12,
    "test_mae": 50851.91944788693,
    "train_r2": 1.0,
    "test_r2": NaN
  },
  "ridge": {
    "train_rmse": 695.325424642484,
    "test_rmse": 50475.32220769834,
    "train_mae": 695.325424642484,
    "test_mae": 50475.32220769834,
    "train_r2": 0.9998257456531473,
    "test_r2": NaN
  },
  "lasso": {
    "train_rmse": 0.8167142843230977,
    "test_rmse": 24429.927331428626,
    "train_mae": 0.8167142843230977,
    "test_mae": 24429.927331428626,
    "train_r2": 0.9999999997595926,
    "test_r2": NaN
  },
  "random_forest": {
    "train_rmse": 25371.15811373221,
    "test_rmse": 32857.8,
    "train_mae": 25283.519999999997,
    "test_mae": 32857.8,
    "train_r2": 0.768,
    "test_r2": NaN
  },
  "gradient_boosting": {
    "train_rmse": 1.3990951250016224,
    "test_rmse": 50734.8705814817,
    "train_mae": 1.3990951250016224,
    "test_mae": 50734.8705814817,
    "train_r2": 0.9999999992944921,
    "test_r2": NaN
  },
  "svr": {
    "train_rmse": 52579.19182194538,
    "test_rmse": 22331.084024115116,
    "train_mae": 52579.19182194538,
    "test_mae": 22331.084024115116,
    "train_r2": 0.0035965696629790544,
    "test_r2": NaN
  }
}